{"cameraMode":{"drawMode":0,"name":"Shaded","section":"Shading Mode"},"sceneLighting":true,"audioPlay":false,"sceneViewState":{"showFog":true,"showMaterialUpdate":false,"showSkybox":true,"showFlares":true,"showImageEffects":true,"showParticleSystems":true},"in2DMode":false,"pivot":{"x":0.003797832876443863,"y":1.7050378322601319,"z":-1.1222244501113892},"rotation":{"x":0.2010628879070282,"y":-0.3481297791004181,"z":0.0767153650522232,"w":0.9124112129211426},"size":1.3337223529815674,"orthographic":true}