{"cameraMode":{"drawMode":0,"name":"Shaded","section":"Shading Mode"},"sceneLighting":false,"audioPlay":false,"sceneViewState":{"showFog":true,"showMaterialUpdate":false,"showSkybox":false,"showFlares":true,"showImageEffects":true,"showParticleSystems":true},"in2DMode":false,"pivot":{"x":-2.7690069675445558,"y":15.632000923156739,"z":-38.22093200683594},"rotation":{"x":0.05841441825032234,"y":0.8931223750114441,"z":-0.42911404371261599,"w":0.12157869338989258},"size":22.0,"orthographic":false}