{"cameraMode":{"drawMode":0,"name":"Shaded","section":"Shading Mode"},"sceneLighting":false,"audioPlay":false,"sceneViewState":{"showFog":true,"showMaterialUpdate":false,"showSkybox":false,"showFlares":true,"showImageEffects":true,"showParticleSystems":true},"in2DMode":false,"pivot":{"x":6.760000228881836,"y":15.874831199645996,"z":-38.39533996582031},"rotation":{"x":-0.14460936188697816,"y":-0.19019556045532227,"z":0.02833639085292816,"w":-0.9706239700317383},"size":5.731388092041016,"orthographic":false}