{"cameraMode":{"drawMode":0,"name":"Shaded","section":"Shading Mode"},"sceneLighting":false,"audioPlay":false,"sceneViewState":{"showFog":true,"showMaterialUpdate":false,"showSkybox":false,"showFlares":true,"showImageEffects":true,"showParticleSystems":true},"in2DMode":false,"pivot":{"x":2.7939677238464357e-8,"y":0.6519882082939148,"z":2.9802322387695315e-8},"rotation":{"x":0.11819379776716232,"y":-0.7634802460670471,"z":0.1460409015417099,"w":0.6178998351097107},"size":2.6446022987365724,"orthographic":false}