{"cameraMode":{"drawMode":0,"name":"Shaded","section":"Shading Mode"},"sceneLighting":false,"audioPlay":false,"sceneViewState":{"showFog":true,"showMaterialUpdate":false,"showSkybox":false,"showFlares":true,"showImageEffects":true,"showParticleSystems":true},"in2DMode":false,"pivot":{"x":0.000009059906005859375,"y":0.8229686617851257,"z":-0.149993896484375},"rotation":{"x":-0.12775374948978425,"y":0.11634599417448044,"z":-0.015096336603164673,"w":-0.9848424792289734},"size":4.770964622497559,"orthographic":false}