{"cameraMode":{"drawMode":0,"name":"Shaded","section":"Shading Mode"},"sceneLighting":true,"audioPlay":false,"sceneViewState":{"showFog":true,"showMaterialUpdate":false,"showSkybox":true,"showFlares":true,"showImageEffects":true,"showParticleSystems":true},"in2DMode":false,"pivot":{"x":309.269287109375,"y":52.4765625,"z":-983.017333984375},"rotation":{"x":-0.30922695994377139,"y":0.009985133074223996,"z":-0.0032470005098730327,"w":-0.9509302973747253},"size":103.01537322998047,"orthographic":true}