{"cameraMode":{"drawMode":0,"name":"Shaded","section":"Shading Mode"},"sceneLighting":false,"audioPlay":false,"sceneViewState":{"showFog":true,"showMaterialUpdate":false,"showSkybox":false,"showFlares":true,"showImageEffects":true,"showParticleSystems":true},"in2DMode":false,"pivot":{"x":0.037978291511535647,"y":1.817553162574768,"z":-1.0432441234588624},"rotation":{"x":0.18980121612548829,"y":0.10141688585281372,"z":-0.019714776426553727,"w":0.9763715863227844},"size":5.730203628540039,"orthographic":false}