{"cameraMode":{"drawMode":0,"name":"Shaded","section":"Shading Mode"},"sceneLighting":true,"audioPlay":false,"sceneViewState":{"showFog":true,"showMaterialUpdate":false,"showSkybox":true,"showFlares":true,"showImageEffects":true,"showParticleSystems":true},"in2DMode":false,"pivot":{"x":332.24871826171877,"y":85.173828125,"z":-971.8997802734375},"rotation":{"x":0.5433412194252014,"y":-0.013850534334778786,"z":0.008965939283370972,"w":0.8393498063087463},"size":31.53917121887207,"orthographic":false}