{"cameraMode":{"drawMode":0,"name":"Shaded","section":"Shading Mode"},"sceneLighting":true,"audioPlay":false,"sceneViewState":{"showFog":true,"showMaterialUpdate":false,"showSkybox":true,"showFlares":true,"showImageEffects":true,"showParticleSystems":true},"in2DMode":false,"pivot":{"x":348.6003112792969,"y":76.44363403320313,"z":-980.1784057617188},"rotation":{"x":0.5197786688804627,"y":-0.0465976856648922,"z":0.028408998623490335,"w":0.8525559902191162},"size":26.546100616455079,"orthographic":false}