{"cameraMode":{"drawMode":0,"name":"Shaded","section":"Shading Mode"},"sceneLighting":true,"audioPlay":false,"sceneViewState":{"showFog":true,"showMaterialUpdate":false,"showSkybox":true,"showFlares":true,"showImageEffects":true,"showParticleSystems":true},"in2DMode":false,"pivot":{"x":3.700000047683716,"y":1.6643115282058716,"z":4.794088840484619},"rotation":{"x":0.0270526185631752,"y":0.7195897102355957,"z":-0.028078259900212289,"w":0.6933040618896484},"size":5.474668502807617,"orthographic":true}