{"cameraMode":{"drawMode":0,"name":"Shaded","section":"Shading Mode"},"sceneLighting":true,"audioPlay":false,"sceneViewState":{"showFog":true,"showMaterialUpdate":false,"showSkybox":true,"showFlares":true,"showImageEffects":true,"showParticleSystems":true},"in2DMode":false,"pivot":{"x":345.48828125,"y":49.64686584472656,"z":-942.1715087890625},"rotation":{"x":0.509423017501831,"y":-0.03096485510468483,"z":0.018347155302762986,"w":0.8597632050514221},"size":398.3577880859375,"orthographic":false}