{"cameraMode":{"drawMode":0,"name":"Shaded","section":"Shading Mode"},"sceneLighting":true,"audioPlay":false,"sceneViewState":{"showFog":true,"showMaterialUpdate":false,"showSkybox":true,"showFlares":true,"showImageEffects":true,"showParticleSystems":true},"in2DMode":false,"pivot":{"x":356.6748046875,"y":104.61909484863281,"z":-989.9874267578125},"rotation":{"x":-0.2642894983291626,"y":-0.1377224326133728,"z":0.038161858916282657,"w":-0.9537962675094605},"size":9.303617477416993,"orthographic":false}