{"cameraMode":{"drawMode":0,"name":"Shaded","section":"Shading Mode"},"sceneLighting":true,"audioPlay":false,"sceneViewState":{"showFog":true,"showMaterialUpdate":false,"showSkybox":true,"showFlares":true,"showImageEffects":true,"showParticleSystems":true},"in2DMode":false,"pivot":{"x":311.1618347167969,"y":41.964759826660159,"z":-1039.017822265625},"rotation":{"x":-0.0098970802500844,"y":0.013498930260539055,"z":0.00013346159539651126,"w":0.9998599290847778},"size":225.12796020507813,"orthographic":true}