{"cameraMode":{"drawMode":0,"name":"Shaded","section":"Shading Mode"},"sceneLighting":false,"audioPlay":false,"sceneViewState":{"showFog":true,"showMaterialUpdate":false,"showSkybox":false,"showFlares":true,"showImageEffects":true,"showParticleSystems":true},"in2DMode":false,"pivot":{"x":0.037978291511535647,"y":1.817553162574768,"z":-1.0432441234588624},"rotation":{"x":0.09846194833517075,"y":0.8832771182060242,"z":-0.21474924683570863,"w":0.40498086810112},"size":6.22865629196167,"orthographic":true}